att_tier,count,mean
High,249,10.168674698795181
Low,33,10.030303030303031
Moderate,113,11.070796460176991
