att_tier,count,mean
High,478,12.048117154811715
Moderate,171,11.508771929824562
